title,content,source,date,url,category
"Starting a new job in SAP? Post here for questions about new hire advice, certification, compensation, technology domain decisions, and other topics you're too embarrassed to ask your coworkers","<!-- SC_OFF --><div class=""md""><p>As per the title, post anything related to starting a new job / internship/ certifications in here. PM mods if you don't get an answer after a few days and we'll try to fill in the gaps or nudge a regular to answer for you.</p> <p>Trolling in the sticky will result in an immediate ban.</p> </div><!-- SC_ON --> &#32; submitted by &#32; <a href=""https://www.reddit.com/user/CuseTown""> /u/CuseTown </a> <br /> <span><a href=""https://www.reddit.com/r/SAP/comments/16r29hf/starting_a_new_job_in_sap_post_here_for_questions/"">[link]</a></span> &#32; <span><a href=""https://www.reddit.com/r/SAP/comments/16r29hf/starting_a_new_job_in_sap_post_here_for_questions/"">[comments]</a></span>",SAP,2023-09-24T16:40:38+00:00,https://www.reddit.com/r/SAP/comments/16r29hf/starting_a_new_job_in_sap_post_here_for_questions/,Community Discussion
When your Monday morning hits you on a Saturday,"<table> <tr><td> <a href=""https://www.reddit.com/r/SAP/comments/1uaqyqo/when_your_monday_morning_hits_you_on_a_saturday/""> <img alt=""When your Monday morning hits you on a Saturday"" src=""https://preview.redd.it/ox7fb30dbe8h1.png?width=640&amp;crop=smart&amp;auto=webp&amp;s=68d0e0b54c1e119feef64a08ce3aa992f2aa72cb"" title=""When your Monday morning hits you on a Saturday"" /> </a> </td><td> <!-- SC_OFF --><div class=""md""><p>German power-supplier customer portal. &quot;Tenant runlevel stopped&quot; is not the message you want to see while you were about to enjoy the weekend.</p> <p>Solidarity to whoever is on call.</p> </div><!-- SC_ON --> &#32; submitted by &#32; <a href=""https://www.reddit.com/user/DetlefRichter""> /u/DetlefRichter </a> <br /> <span><a href=""https://i.redd.it/ox7fb30dbe8h1.png"">[link]</a></span> &#32; <span><a href=""https://www.reddit.com/r/SAP/comments/1uaqyqo/when_your_monday_morning_hits_you_on_a_saturday/"">[comments]</a></span> </td></tr></table>",SAP,2026-06-20T08:09:57+00:00,https://www.reddit.com/r/SAP/comments/1uaqyqo/when_your_monday_morning_hits_you_on_a_saturday/,Community Discussion
Hey I'm a trained fresher in SAP ABAP (hyderabad),"<!-- SC_OFF --><div class=""md""><p>Hey everyone, , I am a fresher trained in SAP ABAP looking for entry-level roles. If your team has any open requirements, I would love to share my resume for a referral. Or suggest some companies that would hire me as a fresher. I'm also open to relocate based on the opportunity. Thank you </p> </div><!-- SC_ON --> &#32; submitted by &#32; <a href=""https://www.reddit.com/user/Ok-Delivery4674""> /u/Ok-Delivery4674 </a> <br /> <span><a href=""https://www.reddit.com/r/SAP/comments/1uakkwj/hey_im_a_trained_fresher_in_sap_abap_hyderabad/"">[link]</a></span> &#32; <span><a href=""https://www.reddit.com/r/SAP/comments/1uakkwj/hey_im_a_trained_fresher_in_sap_abap_hyderabad/"">[comments]</a></span>",SAP,2026-06-20T02:19:03+00:00,https://www.reddit.com/r/SAP/comments/1uakkwj/hey_im_a_trained_fresher_in_sap_abap_hyderabad/,Community Discussion
SAP BTP Admin/Platform Governance,"<!-- SC_OFF --><div class=""md""><p>4+ YOE with salary of 7.6LPA, is too less? Also I’m trying to search for new opportunities but 90days Notice period is WALL in front of me for most of the cases.</p> </div><!-- SC_ON --> &#32; submitted by &#32; <a href=""https://www.reddit.com/user/Consistent_Monk_4130""> /u/Consistent_Monk_4130 </a> <br /> <span><a href=""https://www.reddit.com/r/SAP/comments/1uasw2c/sap_btp_adminplatform_governance/"">[link]</a></span> &#32; <span><a href=""https://www.reddit.com/r/SAP/comments/1uasw2c/sap_btp_adminplatform_governance/"">[comments]</a></span>",SAP,2026-06-20T10:10:43+00:00,https://www.reddit.com/r/SAP/comments/1uasw2c/sap_btp_adminplatform_governance/,Community Discussion
"Is tcs sap sd consultant role hybrid or wfo, if hybrid how many days is it?","&#32; submitted by &#32; <a href=""https://www.reddit.com/user/Fun-Cover-2244""> /u/Fun-Cover-2244 </a> <br /> <span><a href=""https://www.reddit.com/r/SAP/comments/1uav7ci/is_tcs_sap_sd_consultant_role_hybrid_or_wfo_if/"">[link]</a></span> &#32; <span><a href=""https://www.reddit.com/r/SAP/comments/1uav7ci/is_tcs_sap_sd_consultant_role_hybrid_or_wfo_if/"">[comments]</a></span>",SAP,2026-06-20T12:17:58+00:00,https://www.reddit.com/r/SAP/comments/1uav7ci/is_tcs_sap_sd_consultant_role_hybrid_or_wfo_if/,Community Discussion
SAP Data Architect,"<!-- SC_OFF --><div class=""md""><p>What key skills or areas should one focus on to make this shift for someone with 8-9 yrs of exp? What kind of preparation or mindset do you recommend for someone aiming to become a Data Architect in today’s SAP landscape? Let’s hear your insights!</p> </div><!-- SC_ON --> &#32; submitted by &#32; <a href=""https://www.reddit.com/user/bobmasterr""> /u/bobmasterr </a> <br /> <span><a href=""https://www.reddit.com/r/SAP/comments/1uattx9/sap_data_architect/"">[link]</a></span> &#32; <span><a href=""https://www.reddit.com/r/SAP/comments/1uattx9/sap_data_architect/"">[comments]</a></span>",SAP,2026-06-20T11:05:03+00:00,https://www.reddit.com/r/SAP/comments/1uattx9/sap_data_architect/,Community Discussion
SAP MM,"<!-- SC_OFF --><div class=""md""><p>Hey,</p> <p>&#x200b;</p> <p>Anyone suggest me the official global course for SAP MM</p> <p>&#x200b;</p> <p>Thanks</p> </div><!-- SC_ON --> &#32; submitted by &#32; <a href=""https://www.reddit.com/user/Log_boats""> /u/Log_boats </a> <br /> <span><a href=""https://www.reddit.com/r/SAP/comments/1uaobcs/sap_mm/"">[link]</a></span> &#32; <span><a href=""https://www.reddit.com/r/SAP/comments/1uaobcs/sap_mm/"">[comments]</a></span>",SAP,2026-06-20T05:34:39+00:00,https://www.reddit.com/r/SAP/comments/1uaobcs/sap_mm/,Community Discussion
SAP EWM SMQ2 Error,"<!-- SC_OFF --><div class=""md""><p>I have created an inbound delivery in SAP ERP which has gotten successfully replicated to SAP EWM. I have created a batch split in SAP EWM by creating Batch Sub-items function and created batches. Everything is fine up to this point. Replication back to ERP is fine.</p> <p>&#x200b;</p> <p>But if I delete the Batch Split in EWM, and save it, SMQ2 throws a weird error saying the line item 900020 does not exist in table TYLIPS in FM /SPE/INB_DELIVERY_REPLACE. I am deleting the line by using the delete option in EWM which removes the entire line in EWM.</p> <p>Is this normal?</p> </div><!-- SC_ON --> &#32; submitted by &#32; <a href=""https://www.reddit.com/user/meh1789""> /u/meh1789 </a> <br /> <span><a href=""https://www.reddit.com/r/SAP/comments/1uarsxk/sap_ewm_smq2_error/"">[link]</a></span> &#32; <span><a href=""https://www.reddit.com/r/SAP/comments/1uarsxk/sap_ewm_smq2_error/"">[comments]</a></span>",SAP,2026-06-20T09:02:42+00:00,https://www.reddit.com/r/SAP/comments/1uarsxk/sap_ewm_smq2_error/,Community Discussion
Abap developer stuck in Migration Project,"<!-- SC_OFF --><div class=""md""><p>Hi everyone</p> <p>I am working as a developer in a migration project my work involves creating custom load reports, customizing ltmom objects and also have created a custom integration framework to receive the data but my work is totally redundant as there is BODS tool and ltmom is too niche.although the functional knowledge has been good</p> <p>But i feel i am getting pigeonholed as a migration guy</p> <p>Please guide me</p> </div><!-- SC_ON --> &#32; submitted by &#32; <a href=""https://www.reddit.com/user/ActivePudding8416""> /u/ActivePudding8416 </a> <br /> <span><a href=""https://www.reddit.com/r/SAP/comments/1ua4lxt/abap_developer_stuck_in_migration_project/"">[link]</a></span> &#32; <span><a href=""https://www.reddit.com/r/SAP/comments/1ua4lxt/abap_developer_stuck_in_migration_project/"">[comments]</a></span>",SAP,2026-06-19T15:11:46+00:00,https://www.reddit.com/r/SAP/comments/1ua4lxt/abap_developer_stuck_in_migration_project/,Community Discussion
SAP pros & cons going from an On premise system to private cloud?,"<!-- SC_OFF --><div class=""md""><p>Hi everyone, </p> <p>1) what are the main benefits and draw backs switching from an On premise SAP system to a private cloud SAP system? </p> <p>2) Is this the way for the future? Will On Premise systems die or will there be hybrid forms?</p> <p>3) Which skills should I focus on as a Fiori Consultant?</p> <p>Thanks for the input!</p> </div><!-- SC_ON --> &#32; submitted by &#32; <a href=""https://www.reddit.com/user/Nauid2""> /u/Nauid2 </a> <br /> <span><a href=""https://www.reddit.com/r/SAP/comments/1u9ueml/sap_pros_cons_going_from_an_on_premise_system_to/"">[link]</a></span> &#32; <span><a href=""https://www.reddit.com/r/SAP/comments/1u9ueml/sap_pros_cons_going_from_an_on_premise_system_to/"">[comments]</a></span>",SAP,2026-06-19T06:34:48+00:00,https://www.reddit.com/r/SAP/comments/1u9ueml/sap_pros_cons_going_from_an_on_premise_system_to/,Community Discussion
Fi Consultant,"<!-- SC_OFF --><div class=""md""><p>Hello, any FI consultants? I have a question, but whenever I post it here, it gets removed automatically.</p> </div><!-- SC_ON --> &#32; submitted by &#32; <a href=""https://www.reddit.com/user/Marika-Rinna""> /u/Marika-Rinna </a> <br /> <span><a href=""https://www.reddit.com/r/SAP/comments/1ua2hum/fi_consultant/"">[link]</a></span> &#32; <span><a href=""https://www.reddit.com/r/SAP/comments/1ua2hum/fi_consultant/"">[comments]</a></span>",SAP,2026-06-19T13:47:44+00:00,https://www.reddit.com/r/SAP/comments/1ua2hum/fi_consultant/,Community Discussion
"SAP people, how's your salary progression.","<!-- SC_OFF --><div class=""md""><p>I just want to know how your salary progressed over the years. How much you started with and how much you earn now. </p> </div><!-- SC_ON --> &#32; submitted by &#32; <a href=""https://www.reddit.com/user/Infinite-Agency-3043""> /u/Infinite-Agency-3043 </a> <br /> <span><a href=""https://www.reddit.com/r/SAP/comments/1u97v5f/sap_people_hows_your_salary_progression/"">[link]</a></span> &#32; <span><a href=""https://www.reddit.com/r/SAP/comments/1u97v5f/sap_people_hows_your_salary_progression/"">[comments]</a></span>",SAP,2026-06-18T14:30:23+00:00,https://www.reddit.com/r/SAP/comments/1u97v5f/sap_people_hows_your_salary_progression/,Community Discussion
I worked so far as consultant on premise systems. Next project is public cloud. What can I expect?,"<!-- SC_OFF --><div class=""md""><p>I worked so far 20+ yrs as functional consultant on premise systems (QM/PM/PP/MM). I made S/4 HANA migrations. Albeit functional I know Fiori and some CDS and ODATA.</p> <p>From next week I am hired on project which is in public cloud. What can I expect? What would you've liked to know before?</p> <p>Which knowledge should I upgrade / refresh / check before I am onboarding on the project?</p> </div><!-- SC_ON --> &#32; submitted by &#32; <a href=""https://www.reddit.com/user/mynotyou""> /u/mynotyou </a> <br /> <span><a href=""https://www.reddit.com/r/SAP/comments/1u9axgq/i_worked_so_far_as_consultant_on_premise_systems/"">[link]</a></span> &#32; <span><a href=""https://www.reddit.com/r/SAP/comments/1u9axgq/i_worked_so_far_as_consultant_on_premise_systems/"">[comments]</a></span>",SAP,2026-06-18T16:25:51+00:00,https://www.reddit.com/r/SAP/comments/1u9axgq/i_worked_so_far_as_consultant_on_premise_systems/,Community Discussion
What is the salary progression for SAP BASIS consultants,"&#32; submitted by &#32; <a href=""https://www.reddit.com/user/halleluah99""> /u/halleluah99 </a> <br /> <span><a href=""https://www.reddit.com/r/SAP/comments/1u98inh/what_is_the_salary_progression_for_sap_basis/"">[link]</a></span> &#32; <span><a href=""https://www.reddit.com/r/SAP/comments/1u98inh/what_is_the_salary_progression_for_sap_basis/"">[comments]</a></span>",SAP,2026-06-18T14:55:53+00:00,https://www.reddit.com/r/SAP/comments/1u98inh/what_is_the_salary_progression_for_sap_basis/,Community Discussion
What is ERP Software? Explained in simple terms,"<table> <tr><td> <a href=""https://www.reddit.com/r/SAP/comments/1u9yf2d/what_is_erp_software_explained_in_simple_terms/""> <img alt=""What is ERP Software? Explained in simple terms"" src=""https://external-preview.redd.it/1w5JXINJ8nMvNfjLjDfMUYUvLlBBxJgpH52oFD2g1Bc.jpeg?width=320&amp;crop=smart&amp;auto=webp&amp;s=65dd05101577484abc088a6a5d868be42182304f"" title=""What is ERP Software? Explained in simple terms"" /> </a> </td><td> &#32; submitted by &#32; <a href=""https://www.reddit.com/user/rrizvir""> /u/rrizvir </a> <br /> <span><a href=""https://youtu.be/OCVQgqEdGm0?is=ebHQuqDASfRSTL0M"">[link]</a></span> &#32; <span><a href=""https://www.reddit.com/r/SAP/comments/1u9yf2d/what_is_erp_software_explained_in_simple_terms/"">[comments]</a></span> </td></tr></table>",SAP,2026-06-19T10:32:47+00:00,https://www.reddit.com/r/SAP/comments/1u9yf2d/what_is_erp_software_explained_in_simple_terms/,Community Discussion
Best practices on self service roles,"<!-- SC_OFF --><div class=""md""><p>Hello everyone, </p> <p>I have an issue with security roles. <br /> <strong>Introduction</strong>: With my team we are starting a self-service project where users will log into sap analytics cloud and can create their own stories.<br /> <strong>Context</strong>: we have the &quot;scoped user&quot; role assig to these users, with this role they can see data from models in the &quot;QA&quot; and &quot;PRD&quot; spaces, because they need access to them to be able to see any data on the stories developed by the data engineers.<br /> <strong>issue:</strong> With this self-service project, this role that I mentioned before (scoped user) lets them see and use all the models in the &quot;QA&quot; and &quot;PRD&quot; spaces in sap analytics cloud, and we only want them to be able to access the models on their own space (EG: If the user is from human resources area, they will only have access to the Human Resources space in datasphere for self service) but still be able to see data on the stories already developed by the engineers. </p> <p>Is the issue explained clearly enough? </p> <p>have a nice week. </p> </div><!-- SC_ON --> &#32; submitted by &#32; <a href=""https://www.reddit.com/user/ViolenciaRivas1991""> /u/ViolenciaRivas1991 </a> <br /> <span><a href=""https://www.reddit.com/r/SAP/comments/1u9fwpf/best_practices_on_self_service_roles/"">[link]</a></span> &#32; <span><a href=""https://www.reddit.com/r/SAP/comments/1u9fwpf/best_practices_on_self_service_roles/"">[comments]</a></span>",SAP,2026-06-18T19:29:16+00:00,https://www.reddit.com/r/SAP/comments/1u9fwpf/best_practices_on_self_service_roles/,Community Discussion
SAP SD consultant,"<!-- SC_OFF --><div class=""md""><p>22 yr old based in India. have 1.5 yrs experience. confused what my next steps are…what are my different paths for future steps from here?</p> </div><!-- SC_ON --> &#32; submitted by &#32; <a href=""https://www.reddit.com/user/cockybabu""> /u/cockybabu </a> <br /> <span><a href=""https://www.reddit.com/r/SAP/comments/1u9e377/sap_sd_consultant/"">[link]</a></span> &#32; <span><a href=""https://www.reddit.com/r/SAP/comments/1u9e377/sap_sd_consultant/"">[comments]</a></span>",SAP,2026-06-18T18:21:48+00:00,https://www.reddit.com/r/SAP/comments/1u9e377/sap_sd_consultant/,Community Discussion
How many of you are w2 employees vs contractor?,"<!-- SC_OFF --><div class=""md""><p><a href=""https://www.reddit.com/poll/1u9btuc"">View Poll</a></p> </div><!-- SC_ON --> &#32; submitted by &#32; <a href=""https://www.reddit.com/user/Passive_incomes_lazy""> /u/Passive_incomes_lazy </a> <br /> <span><a href=""https://www.reddit.com/r/SAP/comments/1u9btuc/how_many_of_you_are_w2_employees_vs_contractor/"">[link]</a></span> &#32; <span><a href=""https://www.reddit.com/r/SAP/comments/1u9btuc/how_many_of_you_are_w2_employees_vs_contractor/"">[comments]</a></span>",SAP,2026-06-18T16:59:18+00:00,https://www.reddit.com/r/SAP/comments/1u9btuc/how_many_of_you_are_w2_employees_vs_contractor/,Community Discussion
Starting in SAP,"<!-- SC_OFF --><div class=""md""><p>Hi, im still a student and im wondering, is it worth it to go into SAP?? Also how do you even do that and are there offers for juniors? I live in Poland and heard that SAP consultants or other specialists are doing well financially and have a pretty high chance of getting a remote offer. Im willing to learn but I wanted to know your opinion on this. Thanks in advance</p> </div><!-- SC_ON --> &#32; submitted by &#32; <a href=""https://www.reddit.com/user/LuckComplex926""> /u/LuckComplex926 </a> <br /> <span><a href=""https://www.reddit.com/r/SAP/comments/1u9a4cs/starting_in_sap/"">[link]</a></span> &#32; <span><a href=""https://www.reddit.com/r/SAP/comments/1u9a4cs/starting_in_sap/"">[comments]</a></span>",SAP,2026-06-18T15:55:55+00:00,https://www.reddit.com/r/SAP/comments/1u9a4cs/starting_in_sap/,Community Discussion
Is SAP just a UI for referencing a SQL database?,"<!-- SC_OFF --><div class=""md""><p>Im getting trained on troubleshooting operational issues with SAP, stuck TOs pretty much from what Im seeing after day one. While working with it, from what I remember in school(25 years ago), each transaction seems to be some variable to query a database for information and then formats the information for the user. Is this an accurate assessment? And how beneficial would it be for me to understand the naming structure? The guy training me seems to think it is not necessary, but understanding where and how to pull information absolutely seems relevant to me.</p> </div><!-- SC_ON --> &#32; submitted by &#32; <a href=""https://www.reddit.com/user/Busterlimes""> /u/Busterlimes </a> <br /> <span><a href=""https://www.reddit.com/r/SAP/comments/1u8rxsu/is_sap_just_a_ui_for_referencing_a_sql_database/"">[link]</a></span> &#32; <span><a href=""https://www.reddit.com/r/SAP/comments/1u8rxsu/is_sap_just_a_ui_for_referencing_a_sql_database/"">[comments]</a></span>",SAP,2026-06-18T00:49:01+00:00,https://www.reddit.com/r/SAP/comments/1u8rxsu/is_sap_just_a_ui_for_referencing_a_sql_database/,Community Discussion
Trial plan for Kyma Environment,"<table> <tr><td> <a href=""https://www.reddit.com/r/SAP/comments/1u94sbz/trial_plan_for_kyma_environment/""> <img alt=""Trial plan for Kyma Environment"" src=""https://preview.redd.it/vfq509tna18h1.png?width=140&amp;height=44&amp;auto=webp&amp;s=47600ecbc5126af664dc2383edc246d0413b4860"" title=""Trial plan for Kyma Environment"" /> </a> </td><td> <!-- SC_OFF --><div class=""md""><p>How else to practice Kyma on SAP BTP if not available for trial account anymore?</p> <p><a href=""https://preview.redd.it/vfq509tna18h1.png?width=929&amp;format=png&amp;auto=webp&amp;s=deec051f1241522fc958230d9d3acab88af3e570"">https://preview.redd.it/vfq509tna18h1.png?width=929&amp;format=png&amp;auto=webp&amp;s=deec051f1241522fc958230d9d3acab88af3e570</a></p> </div><!-- SC_ON --> &#32; submitted by &#32; <a href=""https://www.reddit.com/user/3fcc""> /u/3fcc </a> <br /> <span><a href=""https://www.reddit.com/r/SAP/comments/1u94sbz/trial_plan_for_kyma_environment/"">[link]</a></span> &#32; <span><a href=""https://www.reddit.com/r/SAP/comments/1u94sbz/trial_plan_for_kyma_environment/"">[comments]</a></span> </td></tr></table>",SAP,2026-06-18T12:22:48+00:00,https://www.reddit.com/r/SAP/comments/1u94sbz/trial_plan_for_kyma_environment/,Community Discussion
Freelance opportunities in SAP data migration or SAP MDG,"<!-- SC_OFF --><div class=""md""><p>I am looking for freelance opportunities as 7+ years of experience in implementation and support projects. How and where do i look for these opportunities ? </p> </div><!-- SC_ON --> &#32; submitted by &#32; <a href=""https://www.reddit.com/user/Fun_Bee6193""> /u/Fun_Bee6193 </a> <br /> <span><a href=""https://www.reddit.com/r/SAP/comments/1u9dvtj/freelance_opportunities_in_sap_data_migration_or/"">[link]</a></span> &#32; <span><a href=""https://www.reddit.com/r/SAP/comments/1u9dvtj/freelance_opportunities_in_sap_data_migration_or/"">[comments]</a></span>",SAP,2026-06-18T18:14:20+00:00,https://www.reddit.com/r/SAP/comments/1u9dvtj/freelance_opportunities_in_sap_data_migration_or/,Community Discussion
Which SAP processes do you think are the hardest to understand end to end?,"<!-- SC_OFF --><div class=""md""><p>Many SAP users know the transactions, but not necessarily the process behind them. Think Finance Month-End Close, Cost Center Month-End Close, Purchase-to-Pay, and similar flows.</p> <p>Which end-to-end SAP processes do you find the most complex or confusing?</p> <p>And which ones would you have liked to see explained more clearly when you started working with SAP?</p> <p>We’re currently expanding a process library and I’d like to include real-world feedback from actual SAP users or beginners. Happy to share the results here once we’ve mapped them.</p> <p>P.S. These process maps will also make their way into our mobile SAP learning/reference app. If anyone is interested in taking a look and giving feedback, feel free to DM me (currently iOS only).</p> </div><!-- SC_ON --> &#32; submitted by &#32; <a href=""https://www.reddit.com/user/Chonghay45""> /u/Chonghay45 </a> <br /> <span><a href=""https://www.reddit.com/r/SAP/comments/1u8duqd/which_sap_processes_do_you_think_are_the_hardest/"">[link]</a></span> &#32; <span><a href=""https://www.reddit.com/r/SAP/comments/1u8duqd/which_sap_processes_do_you_think_are_the_hardest/"">[comments]</a></span>",SAP,2026-06-17T15:45:47+00:00,https://www.reddit.com/r/SAP/comments/1u8duqd/which_sap_processes_do_you_think_are_the_hardest/,Community Discussion
"Hey I am trying to learn SAP I need a server to practice, can anybody help me how to get one for free or cheaper than usual","&#32; submitted by &#32; <a href=""https://www.reddit.com/user/thescompany""> /u/thescompany </a> <br /> <span><a href=""https://www.reddit.com/r/SAP/comments/1u94ncq/hey_i_am_trying_to_learn_sap_i_need_a_server_to/"">[link]</a></span> &#32; <span><a href=""https://www.reddit.com/r/SAP/comments/1u94ncq/hey_i_am_trying_to_learn_sap_i_need_a_server_to/"">[comments]</a></span>",SAP,2026-06-18T12:16:23+00:00,https://www.reddit.com/r/SAP/comments/1u94ncq/hey_i_am_trying_to_learn_sap_i_need_a_server_to/,Community Discussion
SAP clipboard separate from Windows clipboard,"<!-- SC_OFF --><div class=""md""><p>I’ve been running into this issue off and on for several weeks now. I copy something in SAP or and SAP excel download and it doesn’t show up in my Windows clipboard. It’s as if the two clipboards are maintained separately. Everything will be working normally but then it randomly happens and I can’t get it work again until the next day. I’m losing my mind trying to figure out what’s wrong. Please help!</p> </div><!-- SC_ON --> &#32; submitted by &#32; <a href=""https://www.reddit.com/user/blckblt23""> /u/blckblt23 </a> <br /> <span><a href=""https://www.reddit.com/r/SAP/comments/1u8j1xo/sap_clipboard_separate_from_windows_clipboard/"">[link]</a></span> &#32; <span><a href=""https://www.reddit.com/r/SAP/comments/1u8j1xo/sap_clipboard_separate_from_windows_clipboard/"">[comments]</a></span>",SAP,2026-06-17T18:54:25+00:00,https://www.reddit.com/r/SAP/comments/1u8j1xo/sap_clipboard_separate_from_windows_clipboard/,Community Discussion
